Company,Website,Phone,Address,Industry Query
Jurong Engineering Limited,http://www.jel.com.sg/,6265 3222,"25 Tanjong Kling Rd, Singapore 628050",engineering company in Singapore
BroadTech Engineering | Your Trusted CFD & FEA Engineering Simulation Company,https://www.broadtechengineering.com/,9435 7865,"22 Sin Ming Ln, #06-76 Midview City, Singapore 573960",engineering company in Singapore
Exyte Singapore Pte. Ltd.,http://www.exyte.net/,6725 9500,"16 International Business Park, #02-00, Singapore 609929",engineering company in Singapore
Shing Leck Engineering Service Pte Ltd,http://www.shingleck.com/,6316 8452,"18 Boon Lay Way, #06-125, Singapore 609966",engineering company in Singapore
Balanced Engineering & Construction Pte Ltd,http://www.be-con.com/,6778 6858,"18 Boon Lay Way, #10-162, Singapore 609966",engineering company in Singapore
Mun Siong Engineering Limited,http://www.mun-siong.com/,6411 6570,"26 Gul Wy, Singapore 629199",engineering company in Singapore
UK Engineering & Construction Pte Ltd,http://www.ukengineering.com.sg/,9880 6496,"15 Yishun Industrial Street 1, #08-19 Win 5, Singapore 768091",engineering company in Singapore
A-Power Engineering Pte Ltd,http://www.apower.com.sg/,6765 1378,"51 Bukit Batok Cres, Singapore 658077",engineering company in Singapore
Holmech Engineering Pte Ltd,https://www.holmech.com/,9115 6241,"71 Toh Guan Rd E, #02-03 TCH Techcentre, Singapore 608598",engineering company in Singapore
Align Engineering Works & Construction 1991 Pte Ltd,https://www.align1991.com/,6561 1281,"2020 Bukit Batok Street 23, #01-236, Singapore 659525",engineering company in Singapore
Propell Integrated Pte Ltd,https://www.propell.com.sg/,6282 2822,"15 Bukit Batok Street 22, #06-00 Propell Building, Singapore 659586",engineering company in Singapore
Einser Engineering Pte. Ltd.,https://www.bca.gov.sg/BCADirectory/Company/Details/200619172K,6481 3182,"38 Toh Guan Rd E, #01-56, Singapore 608581",engineering company in Singapore
Presico Engineering Pte. Ltd.,https://presicoengrg.com/,6747 1346,"34 Toh Guan Rd E, #01-27 Enterprise Hub, Singapore 608579",engineering company in Singapore
ECAS Consultants Pte Ltd,http://www.ecas.com.sg/,6533 6788,"16 Jln Kilang, #03-01/02 Hoi Hup Building, Singapore 159416",engineering company in Singapore
Wesmech Engineering Pte Ltd,http://wesmech.com.sg/,6686 0100,"51 Bukit Batok Cres, #03-25, Singapore 658077",engineering company in Singapore
Multimedia Engineering Pte Ltd,http://www.me.com.sg/,6765 6288,"50 Bukit Batok Street 23, #05-15, Singapore 659578",engineering company in Singapore
Jardine Engineering (Singapore) Pte. Ltd.,http://www.sg.jec.com/,6362 0660,"1A International Business Park, Singapore 609933",engineering company in Singapore
Powen Engineering Pte Ltd,http://www.powen.com.sg/,6468 6868,"54 Hillview Ter, Singapore 669272",engineering company in Singapore
North Texas Small Business Development Center,http://www.ntsbdc.org/,(214) 860-5831,"1402 Corinth St #2100, Dallas, TX 75215, USA",small business in Dallas Texas
Dallas Metropolitan SBDC,http://www.dallasmetropolitansbdc.com/about-us/,(214) 860-5848,"1402 Corinth St, Dallas, TX 75215, USA",small business in Dallas Texas
"Consulting You, LLC. -Solutions for Nonprofit & Small Business Initiatives",https://www.consultingyou.net/,(817) 527-2222,"3010 Lyndon B Johnson Fwy 12th floor, Dallas, TX 75234, USA",small business in Dallas Texas
Business Lounge Dallas,http://businessloungedallas.com/,(972) 971-2216,"13740 Midway Rd Ste 528, Dallas, TX 75244, USA",small business in Dallas Texas
Connect The Culture,http://www.connecttheculture.com/,(817) 947-5991,"3626 North Hall Street (Two, Ste 610, Dallas, TX 75219, USA",small business in Dallas Texas
Law 4 Small Business,http://www.l4sb.com/locations/dallas/,(469) 802-8060,"1111 S Akard St #100a, Dallas, TX 75215, USA",small business in Dallas Texas
Texas 1000 Project,http://www.besbta.org/,(800) 818-1547,"9330 Lyndon B Johnson Fwy #900, Dallas, TX 75243, USA",small business in Dallas Texas
Better Business Bureau,http://www.bbb.org/,(214) 220-2000,"1601 Elm St Ste 1600, Dallas, TX 75201, USA",small business in Dallas Texas
The Dallas Entrepreneur Center at RedBird,https://thedec.co/,(469) 480-4466,"3662 W Camp Wisdom Rd #2044, Dallas, TX 75237, USA",small business in Dallas Texas
Strive Enterprise,https://striveenterprise.com/what-services-dallas/,(469) 253-0661,"325 North St. Paul Street #3100, Dallas, TX 75201, USA",small business in Dallas Texas
Small Business Accountant Dallas,https://accountantpartners.com/small-business-accountant-dallas/,(214) 628-7121,"5065 Amesbury Dr Ste 308, Dallas, TX 75206, USA",small business in Dallas Texas
Small Business LIFT (Marketing & Strategy) - Dallas,https://smallbusinesslift.com/team/dallas/,(346) 412-7824,"12521 Wharton Dr, Dallas, TX 75243, USA",small business in Dallas Texas
Optimus Business Plans,http://optimusbusinessplans.com/,(214) 695-2922,"13355 Noel Rd Ste #1100, Dallas, TX 75240, USA",small business in Dallas Texas
Prototype IT - Dallas Managed IT Services Company,https://prototypeit.net/managed-it-services-dallas/,(469) 754-9624,"13155 Noel Rd Ste 905, Dallas, TX 75240, USA",small business in Dallas Texas
The Dallas SEO Company,https://www.thedallasseocompany.com/,(469) 663-0016,"603 Munger Ave, Dallas, TX 75202, USA",small business in Dallas Texas
The Business Minds,https://www.thebusinessminds.com/,(469) 620-8134,"10935 Estate Ln s362, Dallas, TX 75238, USA",small business in Dallas Texas
Advysor,http://www.advysor.com/,(214) 272-0913,"3090 Nowitzki Way Ste 300, Dallas, TX 75219, USA",small business in Dallas Texas
City of Dallas Office of Economic Development,http://www.dallasecodev.org/,(214) 670-1685,"Dallas City Hall, 1500 Marilla St, Dallas, TX 75201, USA",small business in Dallas Texas
Done & Company LLC,https://doneandco.com/?utm_source=gmb,(214) 864-2116,"5220 Spring Valley Rd Ste 605, Dallas, TX 75254, USA",small business in Dallas Texas
ATX Construction & Remodeling General Contractor Austin,https://atxconstructions.com/,(737) 510-4833,"7600 Chevy Chase Dr Bldg. 2, Suite 300, Austin, TX 78752, USA",contractor in Austin Texas
THA Construction & Remodeling,https://thaconstruction.com/,(512) 736-8585,"2021 Guadalupe St Ste 260, Austin, TX 78705, USA",contractor in Austin Texas
Prime Construction and Remodeling,https://primetxbuilders.com/southwest-austin,(512) 710-2883,"705 N Bluff Dr, Austin, TX 78745, USA",contractor in Austin Texas
LFM Construction & Remodeling,https://www.lfmremodeling.com/,(512) 549-2434,"2307 Thornton Rd Unit 103, Austin, TX 78704, USA",contractor in Austin Texas
Teamwork Home Designs - General Contractor Austin,https://teamworkhomedesigns.com/,(512) 757-3760,"8101 Cameron Rd Ste 107, Austin, TX 78754, USA",contractor in Austin Texas
Catalyst Construction & General Contractors,https://catalystaustin.com/,(512) 535-0544,"9901 Brodie Ln STE# 160-822, Austin, TX 78748, USA",contractor in Austin Texas
AGC Home Remodeling & Construction,https://www.agchomeremodeling.com/,(512) 900-1688,"8204 N Lamar Blvd B13, Austin, TX 78753, USA",contractor in Austin Texas
Consider it Done - GARSC - Greater Austin Residential Service Company,http://www.garsc.com/,(512) 360-0480,"1704, 1/2 S Congress Ave Suite F, Austin, TX 78704, USA",contractor in Austin Texas
Palm Construction Inc,https://palmconstructiontx.com/,(512) 676-7350,"500 N Capital of Texas Hwy #300, Austin, TX 78746, USA",contractor in Austin Texas
Together Design & Build,https://togetherdesignbuild.com/,(833) 573-3627,"6000 S Congress Ave #101, Austin, TX 78745, USA",contractor in Austin Texas
Skelly Build,https://skellybuild.com/,(512) 520-5523,"4361 S Congress Ave #104, Austin, TX 78745, USA",contractor in Austin Texas
Trimbuilt Construction Inc,https://www.trimbuilt.com/,(512) 832-1979,"12800 N Lamar Blvd, Austin, TX 78753, USA",contractor in Austin Texas
ACE Remodeling TX,https://aceremodelingtx.com/,(512) 969-9179,"3515 Greystone Dr, Austin, TX 78731, USA",contractor in Austin Texas
"G.I.S Contracting LLC,",https://giscontracting.com/,(512) 801-6132,"2612 S 3rd St, Austin, TX 78704, USA",contractor in Austin Texas
Pro Tech Construction Inc,https://protechconst.net/,(512) 720-8303,"812 Farm to Market 1626, Austin, TX 78748, USA",contractor in Austin Texas
Tex Land Construction LLC,https://www.texlandconstruction.com/?utm_source=google&utm_medium=organic&ut%20m_campaign=gbp,(512) 910-4832,"3709 Promontory Point Dr, Austin, TX 78744, USA",contractor in Austin Texas
Statewide Remodeling - Austin,https://www.statewideremodeling.com/texas/austin/?utm_source=GMB&utm_campaign=Austin&utm_medium=Organic%3Futm_source%3Dgmb&utm_medium=Yext&y_source=1_NjY1MDE5MjctNzE1LWxvY2F0aW9uLndlYnNpdGU%3D,(512) 937-1529,"2209-A Rutland Dr #100, Austin, TX 78758, USA",contractor in Austin Texas
Prime Construction & Remodeling,http://primetxbuilders.com/central-austin,(512) 948-9398,"600 W 28th St Ste 103A, Austin, TX 78705, USA",contractor in Austin Texas
Rockin' Remodeling Design & Build,http://www.rockinremodeling.com/,,"7784+VQ, Austin, TX 78701, USA",contractor in Austin Texas
Texas Construction Company,http://txconstruct.com/,(512) 451-8050,"5609 S Congress Ave #210, Austin, TX 78745, USA",contractor in Austin Texas
Ohio Valley Manufacturing Inc.,https://www.ohiovalleymfg.com/?utm_source=GMBlisting&utm_medium=organic,(419) 522-5818,"1501 Harrington Memorial Rd, Mansfield, OH 44903, USA",manufacturing company in Ohio
Bellevue Manufacturing Co,http://www.tbmc.net/,(419) 483-3190,"300 Ashford Ave, Bellevue, OH 44811, USA",manufacturing company in Ohio
Crawford Manufacturing Co,https://crawfordmfg.com/,(330) 897-1060,"52496 OH-651, Baltic, OH 43804, USA",manufacturing company in Ohio
Accel Inc,http://www.accel-inc.com/,(614) 656-1100,"8895 Innovation Campus Wy, Johnstown, OH 43031, USA",manufacturing company in Ohio
Pacific Manufacturing Ohio Inc,http://www.pacific-ind.co.jp/eng/,(513) 642-0055,"8955 Seward Rd, Fairfield, OH 45011, USA",manufacturing company in Ohio
Ohio Envelope Manufacturing Company,https://ohioenvelope.com/,(216) 267-2920,"5161 W 164th St, Brook Park, OH 44142, USA",manufacturing company in Ohio
Sarica Manufacturing Co,https://saricamfg.com/,(937) 484-4030,"240 W Twain Ave, Urbana, OH 43078, USA",manufacturing company in Ohio
Precision Manufacturing Company Inc.,http://precmfgco.com/,(937) 236-2170,"2149 Valley St, Dayton, OH 45404, USA",manufacturing company in Ohio
Norlake Manufacturing Co,http://www.norlakemfg.com/,(440) 353-3200,"39301 Taylor Pkwy, Elyria, OH 44035, USA",manufacturing company in Ohio
MAI Manufacturing,http://www.maimfg.com/,(740) 943-5730,"20078 OH-4, Marysville, OH 43040, USA",manufacturing company in Ohio
"The Ohio Energy and Advanced Manufacturing Center, Inc.",https://oeamc.org/contact-us/,(567) 940-9919,"1220 S Main St, Lima, OH 45804, USA",manufacturing company in Ohio
Ohio Aluminum Industries Inc,http://www.ohioaluminum.com/,(216) 641-8865,"4840 Warner Rd, Cleveland, OH 44125, USA",manufacturing company in Ohio
HP Manufacturing,https://www.hpmanufacturing.com/?utm_source=local&utm_medium=GMB&utm_campaign=GMB,(216) 361-6500,"3705 Carnegie Ave, Cleveland, OH 44115, USA",manufacturing company in Ohio
Motherson Yachiyo AY Manufacturing Ltd.,https://yachiyo-of-america.com/,(614) 870-8711,"5200 Crosswind Dr, Columbus, OH 43228, USA",manufacturing company in Ohio
Crescent Manufacturing Co,http://www.crescentblades.com/,(419) 332-6484,"1310 Majestic Dr, Fremont, OH 43420, USA",manufacturing company in Ohio
Ohio Manufacturers' Association,http://www.ohiomfg.com/,(614) 224-5111,"William J.Lhota Building, 33 N High St #600, Columbus, OH 43215, USA",manufacturing company in Ohio
F & P America Manufacturing Inc,http://www.fandp.com/,(937) 339-0212,"2101 Corporate Dr, Troy, OH 45373, USA",manufacturing company in Ohio
Patrick Manufacturing,http://barbfeick.com/plastic_fabricating/,(614) 430-9770,"5474 Byers Cir W, Columbus, OH 43229, USA",manufacturing company in Ohio
ITC Manufacturing,http://itcmfg.com/,(614) 453-8450,"845 E Markison Ave, Columbus, OH 43207, USA",manufacturing company in Ohio
"DECA Manufacturing, Inc.",https://www.decamanufacturing.com/,(419) 884-0071,"300 S Mill St, Lexington, OH 44904, USA",manufacturing company in Ohio
Emerald Plumbing,https://www.emeraldplumbing.net/,(407) 898-3538,"2311 Henderson Dr Unit A, Orlando, FL 32806, USA",plumbing company in Florida
"Modern Plumbing Industries, Inc.",https://www.modernpi.com/,(407) 327-6000,"255 Old Sanford Oviedo Rd, Winter Springs, FL 32708, USA",plumbing company in Florida
The GOAT Plumbing Company,https://thegoatplumbingcompany.com/riverview-plumbers/?utm_source=google&utm_medium=organic&utm_campaign=gmb&utm_content=riverview,(813) 295-2452,"4029 Crescent Park Dr, Riverview, FL 33578, USA",plumbing company in Florida
Premium Plumbing,https://mypremiumplumbing.com/,(813) 355-0883,"4706 N Thatcher Ave, Tampa, FL 33614, USA",plumbing company in Florida
United Plumbing of Southwest Florida,https://unitedplumbinginc.com/,(239) 482-3888,"3560 Teeside Ln, Fort Myers, FL 33916, USA",plumbing company in Florida
All Pro Plumbing Services Inc,http://www.allproplumbing.org/,(407) 295-1000,"975 Sunshine Ln, Altamonte Springs, FL 32714, USA",plumbing company in Florida
"Spegal Plumbing, LLC.",http://www.spegalplumbing.com/,(321) 256-1234,"551 Marshall Lake Rd, Apopka, FL 32703, USA",plumbing company in Florida
Olin Plumbing Inc.,https://www.plumberstampa.com/,(813) 443-5820,"3201 E 8th Ave, Tampa, FL 33605, USA",plumbing company in Florida
El Plomero Latino,http://www.elplomerolatino.com/,(407) 362-7654,"25 Drennen Rd #1, Orlando, FL 32806, USA",plumbing company in Florida
Stuart's Plumbing,http://www.stuartsplumbing.com/,(863) 877-3108,"3233 US-98, Lakeland, FL 33803, USA",plumbing company in Florida
Flow Pros Plumbing,https://www.flowprosllc.com/?utm_source=google&utm_medium=organic&utm_campaign=gmb,(727) 265-9639,"2770 25th St N, St. Petersburg, FL 33713, USA",plumbing company in Florida
Diversified Plumbing Services of SW Florida,https://dpservicesfl.com/,(239) 850-6674,"534 Meadow Rd, Lehigh Acres, FL 33973, USA",plumbing company in Florida
Suncoast Plumbing,http://www.suncoastplumber.com/,(352) 628-6608,"6970 W Grover Cleveland Blvd, Homosassa, FL 34446, USA",plumbing company in Florida
EVERYDAYPLUMBER.com,https://everydayplumber.com/,(813) 872-0200,"3912 W South Ave, Tampa, FL 33614, USA",plumbing company in Florida
"Harvey Baker Plumbing, Inc",https://www.harveybakerplumbing.com/,(407) 859-3572,"1019 28th St, Orlando, FL 32805, USA",plumbing company in Florida
"Paradise Plumbing, Air & Electric",https://paradiseplumbingandac.com/?utm_source=gbp&utm_medium=organic&utm_campaign=website-link,(954) 408-9598,"260 SW 21st Terrace, Fort Lauderdale, FL 33312, USA",plumbing company in Florida
Premier Plumbers,https://premierplumbers.plumbing/,(941) 231-5805,"6026 S Tamiami Trl, Sarasota, FL 34231, USA",plumbing company in Florida
SOS 24/7 Plumbing Corp | Plomero | Plomeros,https://www.sos247plumbingcorp.com/,(786) 487-2540,"4805 NW 191st St, Carol City, FL 33055, USA",plumbing company in Florida
Plumbing Around The Clock,https://plumbingaroundtheclock.com/?utm_campaign=gmb,(954) 945-9984,"3434 SW 53rd Ct, Fort Lauderdale, FL 33312, USA",plumbing company in Florida
